{
  "dataset": "CartPole-v1",
  "episodes": 150,
  "max_steps": 200,
  "seq_len": 64,
  "hidden_size": 64,
  "horizons": [
    1,
    5,
    10,
    25,
    50
  ],
  "results": {
    "GRU(one-step)": {
      "params": 25668,
      "speed_steps_per_sec": 386712.2779095374,
      "rollout_mse_by_horizon": {
        "1": 0.027365783229470253,
        "5": 0.10589431710541249,
        "10": 0.1483587170019746,
        "25": 0.18233708180487157,
        "50": 0.19680887419730425
      }
    },
    "GRU(multi-step)": {
      "params": 25668,
      "speed_steps_per_sec": 376075.6529414065,
      "rollout_mse_by_horizon": {
        "1": 0.02109936997294426,
        "5": 0.06020626351237297,
        "10": 0.08100019581615925,
        "25": 0.0999219335615635,
        "50": 0.10766981653869152
      }
    },
    "SSM(simple)": {
      "params": 4868,
      "speed_steps_per_sec": 1094803.5091565503,
      "rollout_mse_by_horizon": {
        "1": 0.003250258509069681,
        "5": 0.06570474551990628,
        "10": 0.13103111856617033,
        "25": 0.3267211372591555,
        "50": 0.6038798121083527
      }
    }
  }
}